"","RegulomeDB","Proxy SNPs","Ref/Alt","Dprime","query variant","query","rsid","result"
"1","2b","rs612683","(A/T)",0.4935,1,"chr1:100880328","rs612683","One proxy SNPs"
"2","1a","rs3850616","(G/T)",0.0453,0.974,"chr1:110198129","rs56097627","One proxy SNPs"
"3","2b","rs75351906","(C/T)",0.0081,1,"chr1:114445880","rs7513707","One proxy SNPs"
"4","2a","rs3767812","(G/A)",0.2472,0.9767,"chr1:118141492","rs12406858","One proxy SNPs"
"5","1f","rs6600673","(T/C)",0.0972,1,"chr1:121287994","rs111458676","One proxy SNPs"
"6","1f","rs12405132","(C/T)",0.1838,0.9529,"chr1:145604302","rs72127681","One proxy SNPs"
"7","1b","rs12724079","(T/C)",0.4496,0.9881,"chr1:155556971","rs12091730","One proxy SNPs"
"8","1d","rs2281014","(A/G)",0.3218,1,"chr1:168171052","rs139315904","One proxy SNPs"
"9","2b","rs147446266","(G/A)",0.0116,1,"chr1:172328767","rs11463354","One proxy SNPs"
"10","2b","rs61685000","(G/C)",0.2774,0.9519,"chr1:202184600","rs6686987","One proxy SNPs"
"11","2a","rs71281152","(-/A)",0.0363,1,"chr1:203770448","rs7514172","One proxy SNPs"
"12","1b","rs1380576","(G/C)",0.351,1,"chr1:204502514","rs11268668","One proxy SNPs"
"13","2b","rs189797401","(C/T)",0.001,1,"chr1:208076291","rs2785646","One proxy SNPs"
"14","3a","rs368240609","(G/T)",0.005,1,"chr1:217053815","rs2576261","One proxy SNPs"
"15","1f","rs12034388","(G/C)",0.1586,0.9507,"chr1:220671050","rs11118563","One proxy SNPs"
"16","2a","rs6697212","(C/T)",0.003,1,"chr1:41389220","rs114282204","One proxy SNPs"
"17","1f","rs12137934","(A/G)",0.0403,0.9607,"chr1:46670206","rs144105764","One proxy SNPs"
"18","1d","rs10888700","(T/C)",0.2568,0.953,"chr1:51467096","rs56168262","One proxy SNPs"
"19","1f","rs707475","(G/A)",0.2226,1,"chr1:7917076","rs707475","One proxy SNPs"
"20","4","rs74771623","(A/G)",0.0035,1,"chr1:88428199","rs2151842","One proxy SNPs"
"21","2b","rs149954646","(G/A)",0.0035,1,"chr10:114777670","rs10885405","One proxy SNPs"
"22","3a","rs79531775","(A/T)",0.0509,0.9706,"chr10:123095209","rs9421410","One proxy SNPs"
"23","2b","rs182064958","(C/T)",0.0015,1,"chr10:123340107","rs45631580","One proxy SNPs"
"24","2b","rs7087666","(G/A)",0.0171,1,"chr10:123340431","rs35054928","One proxy SNPs"
"25","2b","rs45631581","(A/G)",0.1128,1,"chr10:123349324","rs45631563","More than one proxy SNPs"
"26","2b","rs45631580","(A/G)",0.1128,1,"chr10:123349324","rs45631563","More than one proxy SNPs"
"27","2b","rs75549362","(T/C)",0.0312,0.9723,"chr10:13892298","rs10796139","One proxy SNPs"
"28","2b","rs149535353","(G/C)",5e-04,1,"chr10:22477776",".","One proxy SNPs"
"29","1f","rs2474568","(A/T)",0.3741,0.9838,"chr10:38523626","rs2384736","One proxy SNPs"
"30","2a","rs3924378","(G/T)",0.3233,0.9644,"chr10:5794652","rs55910451","One proxy SNPs"
"31","2b","rs150006569","(T/G)",0.001,1,"chr10:64299890","rs10995201","One proxy SNPs"
"32","2b","rs375093643","(G/A)",0.006,1,"chr10:71335574","rs111833376","One proxy SNPs"
"33","2b","rs112092315","(A/G)",0.0076,1,"chr10:80886726","rs4980029","More than one proxy SNPs"
"34","2b","rs11812514","(T/G)",0.0076,1,"chr10:80886726","rs4980029","More than one proxy SNPs"
"35","1f","rs10786112","(A/T)",0.4043,0.9629,"chr10:95292187","rs140936696","One proxy SNPs"
"36","2b","rs11225991","(G/T)",0.0594,1,"chr11:103614438","rs7125780","One proxy SNPs"
"37","1f","rs4987926","(C/T)",0.0332,1,"chr11:108267402","rs199504893","One proxy SNPs"
"38","1b","rs647080","(G/A)",0.3031,0.9712,"chr11:111696440","rs610437","One proxy SNPs"
"39","1d","rs7115242","(A/G)",0.2946,0.9583,"chr11:116727936","rs625145","One proxy SNPs"
"40","1f","rs4936770","(C/T)",0.4713,0.9616,"chr11:122966626","rs7121616","One proxy SNPs"
"41","2b","rs183017145","(C/G)",5e-04,1,"chr11:129243417","rs7939702","More than one proxy SNPs"
"42","2b","rs146100050","(C/T)",5e-04,1,"chr11:129243417","rs7939702","More than one proxy SNPs"
"43","3a","rs12787230","(T/G)",0.3646,0.9888,"chr11:129461016","rs11822830","One proxy SNPs"
"44","1f","rs11024739","(C/A)",0.4869,0.9899,"chr11:18664241","rs10832963","One proxy SNPs"
"45","2b","rs113351962","(C/T)",0.0136,1,"chr11:1895708","rs4980386","One proxy SNPs"
"46","3a","rs7125821","(G/T)",0.3837,0.9965,"chr11:42844441","rs4472923","One proxy SNPs"
"47","1b","rs6421975","(G/A)",0.22,1,"chr11:433617","rs7394715","One proxy SNPs"
"48","2b","rs7126716","(C/T)",0.0609,0.9755,"chr11:44368892","rs10838267","One proxy SNPs"
"49","3a","rs77916020","(T/C)",5e-04,1,"chr11:46318032","rs77047825","One proxy SNPs"
"50","1f","rs12146493","(G/A)",0.215,0.9839,"chr11:65553492","rs12287832","One proxy SNPs"
"51","1b","rs2231884","(C/T)",0.2064,0.9683,"chr11:65572431","rs10896047","One proxy SNPs"
"52","2b","rs74888548","(C/G)",0.003,1,"chr11:69328130","rs35039974","One proxy SNPs"
"53","2b","rs657686","(A/G)",0.0891,1,"chr11:69330983","rs661204","One proxy SNPs"
"54","2a","rs116982714","(C/T)",5e-04,1,"chr12:103097887","rs7132703","One proxy SNPs"
"55","1d","rs11065827","(T/C)",0.4124,1,"chr12:111600134","rs11065822","One proxy SNPs"
"56","2a","rs76107203","(C/A)",0.0237,1,"chr12:115108136","rs1061657","One proxy SNPs"
"57","2b","rs115209251","(A/G)",0.0101,1,"chr12:115796577","rs11067551","One proxy SNPs"
"58","2a","rs788463","(A/T)",0.1561,0.9962,"chr12:28149568","rs788458","One proxy SNPs"
"59","2b","rs12371974","(T/A)",0.1078,0.9611,"chr12:28347382","rs11049431","One proxy SNPs"
"60","2b","rs79659920","(G/A)",0.0237,1,"chr12:29140260","rs1027113","One proxy SNPs"
"61","2a","rs145151102","(C/T)",0.0232,1,"chr12:293626","rs797736","One proxy SNPs"
"62","1f","rs11612513","(C/A)",0.0242,1,"chr12:70798355","rs2870876","One proxy SNPs"
"63","2b","rs183618739","(A/C)",0.003,1,"chr12:83064195","rs111622698","One proxy SNPs"
"64","3a","rs72620719","(G/A)",0.1173,1,"chr12:85004551","rs10862899","One proxy SNPs"
"65","3a","rs2254299","(C/G)",0.4758,1,"chr13:32839990","rs56404467","One proxy SNPs"
"66","3a","rs140113118","(C/G)",0.0111,1,"chr13:43501356","rs9315973","One proxy SNPs"
"67","3a","rs79047233","(G/A)",0.003,1,"chr13:73806982","rs12870942","One proxy SNPs"
"68","3a","rs141464054","(G/T)",5e-04,1,"chr13:73960952","rs2181965","More than one proxy SNPs"
"69","3a","rs140580288","(T/A)",5e-04,1,"chr13:73960952","rs2181965","More than one proxy SNPs"
"70","1b","rs2498804","(C/A)",0.4089,0.9766,"chr14:105213978","rs4983544","One proxy SNPs"
"71","2b","rs140452864","(C/T)",0.004,1,"chr14:37128564","rs34914085","One proxy SNPs"
"72","2a","rs712329","(G/A)",0.2341,0.9604,"chr14:37228504","rs2253012","One proxy SNPs"
"73","2b","rs113564266","(T/C)",0.0091,1,"chr14:91751788","rs11341843","One proxy SNPs"
"74","2b","rs74917211","(C/T)",0.0358,1,"chr15:100905819","rs144767203","One proxy SNPs"
"75","5","rs10519056","(C/T)",0.0272,1,"chr15:46680811","rs187010898","One proxy SNPs"
"76","1c","rs12899337","(T/C)",0.0181,1,"chr15:66630569","rs8042593","One proxy SNPs"
"77","2b","rs35874463","(A/G)",0.0146,1,"chr15:67457698","rs35874463","One proxy SNPs"
"78","1b","rs3803464","(C/G)",0.0292,0.9577,"chr15:75750383","rs8035987","One proxy SNPs"
"79","1a","rs2301826","(C/T)",0.4532,0.9698,"chr15:91512267","rs2290202","One proxy SNPs"
"80","2b","rs79356182","(C/T)",0.0619,0.9609,"chr16:10706580","rs34872983","One proxy SNPs"
"81","3a","rs185568366","(G/A)",5e-04,1,"chr16:23007047","rs75753503","One proxy SNPs"
"82","2b","rs79594099","(G/T)",0.0015,1,"chr16:4008542","rs57920543","More than one proxy SNPs"
"83","2b","rs371639841","(T/C)",0.0015,1,"chr16:4008542","rs57920543","More than one proxy SNPs"
"84","2b","rs148112493","(G/A)",0.0065,1,"chr16:4106788","rs11076805","One proxy SNPs"
"85","2b","rs1362549","(A/T)",0.1777,0.9856,"chr16:52538825","rs35668161","One proxy SNPs"
"86","1f","rs56390114","(C/T)",0.3172,1,"chr16:53861139","rs6499648","One proxy SNPs"
"87","4","rs9972717","(G/A)",0.0317,1,"chr16:53861592","rs7184573","One proxy SNPs"
"88","5","rs147577117","(G/A)",0.002,1,"chr16:6963972","rs12709163","One proxy SNPs"
"89","2b","rs9938021","(C/G)",0.1808,1,"chr16:80648296","rs7500067","One proxy SNPs"
"90","2b","rs59542409","(G/A)",0.0514,1,"chr16:85145977","rs9931038","One proxy SNPs"
"91","2b","rs149515580","(C/T)",0.0035,1,"chr16:87086492","rs12449271","One proxy SNPs"
"92","1b","rs9915139","(A/G)",0.1969,1,"chr17:29168077","rs79461387","More than one proxy SNPs"
"93","1b","rs2269916","(A/G)",0.1969,1,"chr17:29168077","rs79461387","More than one proxy SNPs"
"94","2b","rs184201255","(G/A)",5e-04,1,"chr17:39251123","rs150537328","More than one proxy SNPs"
"95","2b","rs148364399","(C/T)",5e-04,1,"chr17:39251123","rs150537328","More than one proxy SNPs"
"96","1f","rs9899285","(G/A)",0.0101,1,"chr17:40127060","rs11296","One proxy SNPs"
"97","1f","rs9912773","(C/G)",0.3802,0.9717,"chr17:40485239","rs17881320","One proxy SNPs"
"98","1f","rs1553469","(C/A)",0.0166,1,"chr17:40744470","rs149370081","One proxy SNPs"
"99","1f","rs7224944","(C/T)",0.0896,1,"chr17:43212339","rs71363517","One proxy SNPs"
"100","1a","rs2316954","(G/A)",0.0307,1,"chr17:44283858",".","More than one proxy SNPs"
"101","1a","rs17572495","(T/G)",0.0307,1,"chr17:44283858",".","More than one proxy SNPs"
"102","1f","rs2787481","(T/C)",0.1405,0.9669,"chr17:53209774","rs2787486","More than one proxy SNPs"
"103","1f","rs244317","(A/T)",0.1405,0.9669,"chr17:53209774","rs2787486","More than one proxy SNPs"
"104","2b","rs73398699","(C/T)",0.0473,1,"chr18:20634253","rs11665269","One proxy SNPs"
"105","2b","rs116267417","(C/A)",0.0131,1,"chr18:24125857","rs1111207","One proxy SNPs"
"106","2b","rs112692349","(T/C)",0.0277,1,"chr18:24518050","rs35369219","One proxy SNPs"
"107","3a","rs1893947","(C/T)",0.3147,0.9839,"chr18:25407513","rs8092192","One proxy SNPs"
"108","3a","rs144778554","(A/C)",5e-04,1,"chr18:29981526","rs72931898","More than one proxy SNPs"
"109","3a","rs188154154","(G/A)",5e-04,1,"chr18:29981526","rs72931898","More than one proxy SNPs"
"110","3a","rs193127229","(T/A)",5e-04,1,"chr18:29981526","rs72931898","More than one proxy SNPs"
"111","2a","rs148851173","(T/C)",0.0015,1,"chr18:42411803","rs9954058","One proxy SNPs"
"112","1f","rs2043289","(G/A)",0.0453,1,"chr19:13249921","rs117922601","One proxy SNPs"
"113","1f","rs34084277","(A/G)",0.0438,1,"chr19:17393925","rs56069439","One proxy SNPs"
"114","1c","rs4808136","(G/A)",0.3308,1,"chr19:18569492","rs10164323","One proxy SNPs"
"115","1a","rs4539728","(C/A)",0.1037,0.9688,"chr19:19517054","rs140702307","One proxy SNPs"
"116","1b","rs3760983","(T/C)",0.3857,0.992,"chr19:44283031","rs56681946","One proxy SNPs"
"117","2b","rs75477460","(C/T)",0.0101,1,"chr19:46166073","rs4399645","One proxy SNPs"
"118","2b","rs189191296","(C/G)",0.0045,1,"chr19:55816678","rs1172821","One proxy SNPs"
"119","2b","rs374445774","(C/T)",5e-04,1,"chr2:10138983","rs78425380","More than one proxy SNPs"
"120","2b","rs79767989","(G/A)",5e-04,1,"chr2:10138983","rs78425380","More than one proxy SNPs"
"121","2a","rs75142817","(G/C)",0.0468,1,"chr2:121058254","rs6746250","One proxy SNPs"
"122","2b","rs191850114","(C/T)",0.001,1,"chr2:121089731","rs17625845","One proxy SNPs"
"123","2a","rs10164550","(G/A)",0.2472,1,"chr2:121159205","rs10164550","One proxy SNPs"
"124","2b","rs11684599","(C/T)",0.0035,1,"chr2:121246568","rs10179592","One proxy SNPs"
"125","2b","rs150318970","(C/A)",0.0166,1,"chr2:172974566","rs17726078","More than one proxy SNPs"
"126","2b","rs72877602","(T/G)",0.0166,1,"chr2:172974566","rs17726078","More than one proxy SNPs"
"127","1f","rs1560834","(A/G)",0.1511,1,"chr2:174212910","rs1550622","One proxy SNPs"
"128","2a","rs146779141","(T/C)",0.0121,1,"chr2:19315675","rs6743383","One proxy SNPs"
"129","1f","rs13402616","(T/C)",0.1229,1,"chr2:202204741","rs10197246","One proxy SNPs"
"130","2a","rs7587558","(T/A)",0.0086,1,"chr2:217955896",".","One proxy SNPs"
"131","3a","rs117528953","(A/G)",0.0463,1,"chr2:218292158","rs11693806","One proxy SNPs"
"132","4","rs3791977","(G/A)",0.287,1,"chr2:218714845","rs3791977","One proxy SNPs"
"133","4","rs75557266","(C/T)",0.001,1,"chr2:241388857","rs4676356","One proxy SNPs"
"134","1f","rs74752557","(C/G)",0.1949,0.9911,"chr2:25129473","rs6725517","One proxy SNPs"
"135","1f","rs10197378","(G/A)",0.0675,1,"chr2:29179452","rs12472404","One proxy SNPs"
"136","2a","rs75645293","(T/A)",0.1304,1,"chr2:29615233","rs4322799","One proxy SNPs"
"137","3a","rs151033892","(G/A)",0.005,1,"chr2:39699510","rs11406722","One proxy SNPs"
"138","2b","rs4852383","(G/A)",0.0544,1,"chr2:70172587","rs6756513","More than one proxy SNPs"
"139","2b","rs4853160","(G/T)",0.0544,1,"chr2:70172587","rs6756513","More than one proxy SNPs"
"140","2a","rs142974467","(C/T)",0.0055,1,"chr2:88358825","rs1036759","More than one proxy SNPs"
"141","2a","rs200827761","(C/T)",0.0055,1,"chr2:88358825","rs1036759","More than one proxy SNPs"
"142","2c","rs2423550","(G/T)",0.0393,1,"chr20:11379842","rs1154723","One proxy SNPs"
"143","5","rs149555830","(T/C)",0.0015,1,"chr20:41613706","rs6030585","More than one proxy SNPs"
"144","5","rs370229066","(T/A)",0.0015,1,"chr20:41613706","rs6030585","More than one proxy SNPs"
"145","2b","rs372564874","(G/A)",0.005,1,"chr20:52296849","rs13039563","One proxy SNPs"
"146","3a","rs139336362","(T/C)",0.0015,1,"chr21:16566350","rs2823130","One proxy SNPs"
"147","1a","rs2839203","(C/A)",0.4698,1,"chr21:47762932","rs4818836","One proxy SNPs"
"148","2b","rs34168539","(G/A)",0.0081,1,"chr22:19766137","rs9798754","More than one proxy SNPs"
"149","2b","rs41300476","(C/T)",0.0081,1,"chr22:19766137","rs9798754","More than one proxy SNPs"
"150","1f","rs6005906","(A/T)",0.1737,0.9675,"chr22:29135543","rs5997390","One proxy SNPs"
"151","3a","rs62235734","(C/T)",0.004,1,"chr22:29203724","rs34134147","One proxy SNPs"
"152","2a","rs132390","(C/T)",0.0111,1,"chr22:29551872","rs132289","One proxy SNPs"
"153","2a","rs73169089","(T/C)",0.1793,0.9657,"chr22:40904707","rs66987842","One proxy SNPs"
"154","2a","rs144850270","(C/T)",0.0025,1,"chr22:43433100","rs9611990","One proxy SNPs"
"155","2b","rs117816567","(G/A)",0.0222,0.968,"chr22:45319953","rs112855987","One proxy SNPs"
"156","3a","rs28512361","(G/A)",0.065,1,"chr22:46283297","rs28512361","One proxy SNPs"
"157","2a","rs116832179","(G/A)",0.0025,1,"chr3:141112859","rs34207738","One proxy SNPs"
"158","2a","rs10674828","(-/AGAC)",0.3218,0.9851,"chr3:172285237","rs58058861","One proxy SNPs"
"159","2b","rs9876409","(T/C)",0.145,0.9554,"chr3:189774456","rs9882792","One proxy SNPs"
"160","1f","rs4973762","(T/A)",0.0957,1,"chr3:27388664","rs62255657","One proxy SNPs"
"161","3a","rs73058374","(C/G)",0.0937,1,"chr3:29294845","rs112476261","One proxy SNPs"
"162","2a","rs138051131","(G/A)",0.0111,1,"chr3:30684907","rs17838698","One proxy SNPs"
"163","2a","rs73833644","(C/A)",0.0564,1,"chr3:46888198","rs56387622","One proxy SNPs"
"164","2a","rs13059562","(C/T)",0.146,0.992,"chr3:4742251","rs6762558","One proxy SNPs"
"165","1b","rs1060970","(T/C)",0.3887,0.9566,"chr3:49709912",".","One proxy SNPs"
"166","5","rs374730937","(C/T)",5e-04,1,"chr3:55970777","rs138866686","One proxy SNPs"
"167","2a","rs72871965","(G/A)",0.0176,1,"chr3:59373745","rs2886671","One proxy SNPs"
"168","2b","rs72628632","(T/C)",0.0438,1,"chr3:71620370","rs9825432","One proxy SNPs"
"169","1f","rs641461","(G/A)",0.3862,0.9817,"chr3:99403877","rs639355","One proxy SNPs"
"170","2a","rs62331149","(C/T)",0.0247,1,"chr4:106069013","rs62331150","One proxy SNPs"
"171","3a","rs55877831","(G/A)",0.0206,1,"chr4:143467195","rs56039025","More than one proxy SNPs"
"172","3a","rs72726446","(G/A)",0.0206,1,"chr4:143467195","rs56039025","More than one proxy SNPs"
"173","2b","rs143299857","(A/G)",0.0222,1,"chr4:151218296","rs138786872","One proxy SNPs"
"174","2b","rs72710275","(G/T)",0.1465,1,"chr4:175842495","rs28436676","One proxy SNPs"
"175","2b","rs72710275","(G/T)",0.1465,1,"chr4:175847436","rs62334414","One proxy SNPs"
"176","1d","rs11725309","(T/C)",0.2714,1,"chr4:38784633","rs10012017","One proxy SNPs"
"177","2b","rs17014016","(G/A)",0.1239,1,"chr4:89240476","rs17014016","One proxy SNPs"
"178","4","rs117639463","(A/G)",0.0096,1,"chr4:92594859","rs147404208","One proxy SNPs"
"179","2b","rs335182","(G/A)",0.0493,1,"chr5:122478676","rs335160","One proxy SNPs"
"180","2a","rs7711753","(G/A)",0.4763,1,"chr5:122705244","rs1428387","One proxy SNPs"
"181","2b","rs35334674","(G/A)",0.0373,0.9745,"chr5:1296255","rs3215401","One proxy SNPs"
"182","1f","rs11747001","(A/G)",0.1561,1,"chr5:132407058","rs6596100","One proxy SNPs"
"183","4","rs3899926","(G/A)",0.2427,0.9544,"chr5:16231194","rs17611291","One proxy SNPs"
"184","2a","rs66595883","(T/C)",0.0378,0.9704,"chr5:169591460","rs10074269","One proxy SNPs"
"185","1f","rs747472","(T/C)",0.0831,1,"chr5:173358154","rs6864691","More than one proxy SNPs"
"186","1f","rs966544","(A/G)",0.0831,1,"chr5:173358154","rs6864691","More than one proxy SNPs"
"187","1f","rs1484803","(A/G)",0.0831,1,"chr5:173358154","rs6864691","More than one proxy SNPs"
"188","1f","rs10516107","(G/A)",0.0831,1,"chr5:173358154","rs6864691","More than one proxy SNPs"
"189","1f","rs7736263","(G/T)",0.0831,1,"chr5:173358154","rs6864691","More than one proxy SNPs"
"190","1f","rs1564823","(C/A)",0.0831,1,"chr5:173358154","rs6864691","More than one proxy SNPs"
"191","1f","rs1976074","(T/A)",0.0831,1,"chr5:173358154","rs6864691","More than one proxy SNPs"
"192","4","rs139105384","(C/T)",0.0549,1,"chr5:2777029","rs4866496","One proxy SNPs"
"193","2b","rs77777276","(T/C)",0.005,1,"chr5:32579616","rs35130031","One proxy SNPs"
"194","1f","rs2013782","(T/C)",0.4396,1,"chr5:345109","rs116095464","One proxy SNPs"
"195","3a","rs115965548","(G/A)",0.0186,1,"chr5:44508264","rs58166936","One proxy SNPs"
"196","2b","rs4866777","(C/T)",0.4995,1,"chr5:44619502","rs187108781","One proxy SNPs"
"197","2b","rs13167135","(A/G)",0.004,1,"chr5:44853593","rs17343002","One proxy SNPs"
"198","2b","rs72752237","(C/T)",0.0086,1,"chr5:55662540","rs113803968","One proxy SNPs"
"199","2b","rs75826415","(C/G)",0.0211,1,"chr5:55965167","rs889310","One proxy SNPs"
"200","1b","rs11960484","(A/G)",0.283,0.9751,"chr5:56042972","rs76250845","One proxy SNPs"
"201","2b","rs78873610","(G/A)",0.0106,1,"chr5:58241712","rs113778879","One proxy SNPs"
"202","1f","rs3010276","(G/A)",0.1667,0.9529,"chr5:71965007","rs3010266","One proxy SNPs"
"203","2b","rs117665428","(G/A)",0.0292,1,"chr5:73234583","rs157557","One proxy SNPs"
"204","1d","rs7704525","(T/C)",0.3414,0.9854,"chr5:77155397","rs144028731","One proxy SNPs"
"205","2b","rs12654767","(T/C)",0.0363,1,"chr5:79180995","rs34525310","One proxy SNPs"
"206","1a","rs226198","(C/T)",0.0423,0.9869,"chr5:81512947","rs146817970","One proxy SNPs"
"207","2b","rs369152202","(C/T)",0.0101,1,"chr5:90789470","rs332529","One proxy SNPs"
"208","1f","rs6569648","(C/T)",0.0881,0.9926,"chr6:130341728","rs55941023","One proxy SNPs"
"209","2a","rs77649360","(G/C)",0.0911,1,"chr6:13713366","rs418053","One proxy SNPs"
"210","2b","rs9377204","(A/G)",0.2784,1,"chr6:149595505","rs2121348","One proxy SNPs"
"211","1f","rs9383935","(C/T)",0.1818,0.9713,"chr6:151949806","rs6913578","One proxy SNPs"
"212","2c","rs851984","(G/A)",0.1536,0.9579,"chr6:152022664","rs57589542","One proxy SNPs"
"213","2b","rs117210371","(T/C)",0.003,1,"chr6:152023191","rs851984","One proxy SNPs"
"214","2b","rs190322127","(C/T)",0.0015,1,"chr6:152055978","rs6904031","One proxy SNPs"
"215","3a","rs116864040","(C/T)",0.0363,0.974,"chr6:152432902","rs910416","One proxy SNPs"
"216","4","rs117675384","(G/A)",0.0076,1,"chr6:16399557","rs3819405","One proxy SNPs"
"217","2b","rs74636706","(G/A)",0.0247,1,"chr6:169006947","rs9364472","One proxy SNPs"
"218","2a","rs73027402","(A/G)",0.0211,1,"chr6:170332621","rs6940159","One proxy SNPs"
"219","3a","rs182972926","(G/A)",0.004,1,"chr6:18783140","rs12211970","One proxy SNPs"
"220","2b","rs144194812","(A/G)",0.0096,1,"chr6:20537845",".","One proxy SNPs"
"221","2b","rs147798046","(G/A)",0.0065,1,"chr6:21923810","rs9358466","One proxy SNPs"
"222","2b","rs187136865","(T/C)",5e-04,1,"chr6:43227141","rs111342015","More than one proxy SNPs"
"223","2b","rs186024408","(C/T)",5e-04,1,"chr6:43227141","rs111342015","More than one proxy SNPs"
"224","2b","rs73426797","(G/C)",5e-04,1,"chr6:43227141","rs111342015","More than one proxy SNPs"
"225","2c","rs77683863","(G/C)",0.0217,1,"chr6:82263549",".","One proxy SNPs"
"226","3a","rs67741891","(-/C)",0.0383,1,"chr6:85912194","rs146519950","One proxy SNPs"
"227","2a","rs188627678","(T/C)",0.0045,1,"chr6:87803819","rs73754909","One proxy SNPs"
"228","2a","rs6961254","(A/G)",0.2387,1,"chr7:101552440","rs71559437","One proxy SNPs"
"229","1f","rs7781557","(C/T)",0.0504,1,"chr7:102481842","rs7800548","More than one proxy SNPs"
"230","1f","rs17474893","(C/T)",0.0504,1,"chr7:102481842","rs7800548","More than one proxy SNPs"
"231","4","rs62471562","(G/C)",0.2533,0.9751,"chr7:130656911","rs12706954","One proxy SNPs"
"232","5","rs2253729","(C/T)",0.3359,0.9814,"chr7:139943702","rs5887960","One proxy SNPs"
"233","3a","rs1208214","(T/C)",0.1687,1,"chr7:144048902","rs62485509","One proxy SNPs"
"234","3a","rs289998","(A/T)",0.0136,1,"chr7:25569548","rs289997","One proxy SNPs"
"235","2b","rs191044117","(A/G)",5e-04,1,"chr7:28869017","rs74765302","One proxy SNPs"
"236","2b","rs62459765","(G/A)",0.0549,1,"chr7:55192256","rs13244925","One proxy SNPs"
"237","1f","rs7812180","(C/T)",0.0619,1,"chr7:98005235","rs4439053","One proxy SNPs"
"238","1b","rs6948685","(C/T)",0.068,1,"chr7:99948655","rs111963714","One proxy SNPs"
"239","2b","rs77163919","(T/A)",0.0025,1,"chr8:102483100","rs62517052","One proxy SNPs"
"240","3a","rs149080471","(T/C)",0.002,1,"chr8:106358620","rs12546444","One proxy SNPs"
"241","1b","rs16893252","(G/A)",0.076,0.9539,"chr8:120862186","rs62526620","One proxy SNPs"
"242","2b","rs35542655","(T/C)",0.2326,1,"chr8:124563705","rs35542655","One proxy SNPs"
"243","2b","rs4529453","(T/C)",0.0252,0.9551,"chr8:124571581","rs12541094","One proxy SNPs"
"244","2b","rs4509301","(G/A)",0.3651,0.9956,"chr8:124739913","rs7842619","One proxy SNPs"
"245","3a","rs75650427","(A/G)",0.002,1,"chr8:128213561","rs35961416","More than one proxy SNPs"
"246","3a","rs17763440","(C/A)",0.002,1,"chr8:128213561","rs35961416","More than one proxy SNPs"
"247","2a","rs188837312","(C/T)",0.0186,1,"chr8:128370949","rs12550713","One proxy SNPs"
"248","2a","rs188837312","(C/T)",0.0186,0.9633,"chr8:128372172","rs10096351","One proxy SNPs"
"249","2a","rs2542402","(A/G)",0.1219,1,"chr8:129199566","rs1016578","One proxy SNPs"
"250","2b","rs116905755","(C/A)",0.007,1,"chr8:143669254","rs7830152","One proxy SNPs"
"251","1d","rs10096484","(A/T)",0.0534,0.9521,"chr8:17787610","rs3988353","One proxy SNPs"
"252","1f","rs2942219","(A/G)",0.2336,0.9928,"chr8:23447496","rs1028016","One proxy SNPs"
"253","2b","rs144377616","(T/A)",0.0086,1,"chr8:23663653","rs310295","One proxy SNPs"
"254","2b","rs58036971","(T/C)",0.1944,0.9536,"chr8:76230943","rs1511243","One proxy SNPs"
"255","3a","rs12350528","(T/A)",0.0665,1,"chr9:110303808","rs60037937","One proxy SNPs"
"256","2a","rs10816625","(A/G)",0.2321,1,"chr9:110837176","rs13294895","One proxy SNPs"
"257","3a","rs117323246","(A/G)",0.0055,1,"chr9:110849525","rs7848334","More than one proxy SNPs"
"258","3a","rs189368445","(C/T)",0.0055,1,"chr9:110849525","rs7848334","More than one proxy SNPs"
"259","2a","rs634454","(T/G)",0.0317,1,"chr9:110885479","rs630965","One proxy SNPs"
"260","2a","rs4836766","(C/T)",0.0378,1,"chr9:119313486","rs1895062","One proxy SNPs"
"261","3a","rs61185870","(C/T)",0.2316,0.9534,"chr9:129424719","rs3861871","One proxy SNPs"
"262","1f","rs8176630","(C/T)",0.1259,1,"chr9:136146597",".","One proxy SNPs"
"263","3a","rs3731199","(T/C)",0.0151,1,"chr9:21964882","rs3057314","One proxy SNPs"
"264","2b","rs2297109","(T/A)",0.2598,0.9905,"chr9:36928288","rs4880038","One proxy SNPs"
"265","2a","rs147430735","(C/T)",5e-04,1,"chr9:6880263","rs10975870","One proxy SNPs"
"266","2b","rs184832305","(A/C)",0.0045,1,"chr9:98362587","rs10120432","More than one proxy SNPs"
"267","2b","rs187349632","(A/G)",0.0045,1,"chr9:98362587","rs10120432","More than one proxy SNPs"
"268","5","rs616488","(A/G)",0.2805,1,"chr1:10566215","rs616488","Available in GSA array"
"269","7","rs637868","(T/C)",0.1878,1,"chr1:120257110","rs637868","Available in GSA array"
"270","5","rs11249433","(A/G)",0.0906,1,"chr1:121280613","rs11249433","Available in GSA array"
"271","3a","rs11205303","(T/C)",0.2875,1,"chr1:149906413","rs11205303","Available in GSA array"
"272","2a","rs2992756","(T/C)",0.358,1,"chr1:18807339","rs2992756","Available in GSA array"
"273","2a","rs35383942","(C/T)",0.0025,1,"chr1:201437832","rs35383942","Available in GSA array"
"274","6","rs11117758","(G/A)",0.1339,1,"chr1:217220574","rs11117758","Available in GSA array"
"275","7","rs72755295","(A/G)",0.005,1,"chr1:242034263","rs72755295","Available in GSA array"
"276","5","rs4233486","(C/T)",0.351,1,"chr1:41380440","rs4233486","Available in GSA array"
"277","7","rs17426269","(G/A)",0.0509,1,"chr1:88156923","rs17426269","Available in GSA array"
"278","5","rs2356656","(C/T)",0.0448,1,"chr2:192381934","rs2356656","Available in GSA array"
"279","5","rs4442975","(G/T)",0.289,1,"chr2:217920769","rs4442975","Available in GSA array"
"280","2b","rs552647","(C/A)",0.3776,1,"chr3:27353716","rs552647","Available in GSA array"
"281","2b","rs13066793","(A/G)",0.0373,1,"chr3:87037543","rs13066793","Available in GSA array"
"282","7","rs17157372","(G/T)",0.1168,1,"chr5:104300273","rs17157372","Available in GSA array"
"283","5","rs10069690","(C/T)",0.219,1,"chr5:1279790","rs10069690","Available in GSA array"
"284","7","rs6860806","(A/G)",0.2412,1,"chr5:131640536","rs6860806","Available in GSA array"
"285","7","rs1432679","(C/T)",0.4758,1,"chr5:158244083","rs1432679","Available in GSA array"
"286","6","rs4613718","(C/T)",0.3852,1,"chr5:44649944","rs4613718","Available in GSA array"
"287","6","rs10941679","(A/G)",0.423,1,"chr5:44706498","rs10941679","Available in GSA array"
"288","5","rs16886165","(T/G)",0.3434,1,"chr5:56023083","rs16886165","Available in GSA array"
"289","6","rs11949391","(T/C)",0.1193,1,"chr5:56045081","rs11949391","Available in GSA array"
"290","7","rs60954078","(A/G)",0.1883,1,"chr6:151955914","rs60954078","Available in GSA array"
"291","4","rs68056147","(G/A)",0.3192,1,"chr7:130674481","rs68056147","Available in GSA array"
"292","6","rs7971","(A/G)",0.1989,1,"chr7:21940960","rs7971","Available in GSA array"
"293","6","rs17268829","(T/C)",0.3348,1,"chr7:94113799","rs17268829","Available in GSA array"
"294","6","rs13267382","(A/G)",0.3963,1,"chr8:117209548","rs13267382","Available in GSA array"
"295","6","rs66823261","(T/C)",0.2276,1,"chr8:170692","rs66823261","Available in GSA array"
"296","7","rs9693444","(A/C)",0.2598,1,"chr8:29509616","rs9693444","Available in GSA array"
"297","6","rs13365225","(A/G)",0.3212,1,"chr8:36858483","rs13365225","Available in GSA array"
"298","4","rs72658084","(C/T)",0.0191,1,"chr8:76333056","rs72658084","Available in GSA array"
"299","7","rs1533366","(G/T)",0.2437,1,"chr8:76378165","rs1533366","Available in GSA array"
"300","2a","rs10816625","(A/G)",0.2321,1,"chr9:110837073","rs10816625","Available in GSA array"
"301","1b","rs17694493","(C/G)",0.0317,1,"chr9:22041998","rs17694493","Available in GSA array"
"302","5","rs665889","(T/C)",0.3021,1,"chr9:87782211","rs665889","Available in GSA array"
"303","5","rs12250948","(T/C)",0.3656,1,"chr10:115128491","rs12250948","Available in GSA array"
"304","5","rs7072776","(A/G)",0.1299,1,"chr10:22032942","rs7072776","Available in GSA array"
"305","7","rs6479868","(G/T)",0.1672,1,"chr10:64819996","rs6479868","Available in GSA array"
"306","5","rs719338","(G/T)",0.3243,1,"chr10:80851257","rs719338","Available in GSA array"
"307","4","rs78540526","(C/T)",0.0559,1,"chr11:69331418","rs78540526","Available in GSA array"
"308","1f","rs6597981","(A/G)",0.2221,1,"chr11:803017","rs6597981","Available in GSA array"
"309","3a","rs2454399","(T/C)",0.4345,1,"chr12:115835836","rs2454399","Available in GSA array"
"310","4","rs206966","(C/T)",0.1244,1,"chr12:120832146","rs206966","Available in GSA array"
"311","4","rs12422552","(G/C)",0.3348,1,"chr12:14413931","rs12422552","Available in GSA array"
"312","4","rs7297051","(C/T)",0.216,1,"chr12:28174817","rs7297051","Available in GSA array"
"313","2a","rs2277339","(T/G)",0.141,1,"chr12:57146069","rs2277339","Available in GSA array"
"314","2b","rs17356907","(A/G)",0.2805,1,"chr12:96027759","rs17356907","Available in GSA array"
"315","6","rs11571833","(A/T)",0.004,1,"chr13:32972626","rs11571833","Available in GSA array"
"316","7","rs2588809","(T/C)",0.1002,1,"chr14:68660428","rs2588809","Available in GSA array"
"317","4","rs11624333","(T/C)",0.0982,1,"chr14:68979835","rs11624333","Available in GSA array"
"318","4","rs941764","(A/G)",0.2024,1,"chr14:91841069","rs941764","Available in GSA array"
"319","4","rs78440108","(C/T)",0.066,1,"chr14:93070286","rs78440108","Available in GSA array"
"320","6","rs4774565","(A/G)",0.3797,1,"chr15:50694306","rs4774565","Available in GSA array"
"321","2b","rs4784227","(C/T)",0.2387,1,"chr16:52599188","rs4784227","Available in GSA array"
"322","4","rs55872725","(C/T)",0.2362,1,"chr16:53809123","rs55872725","Available in GSA array"
"323","3a","rs28539243","(G/A)",0.3701,1,"chr16:54682064","rs28539243","Available in GSA array"
"324","2b","rs745570","(A/G)",0.496,1,"chr17:77781725","rs745570","Available in GSA array"
"325","4","rs16976596","(C/T)",0.0655,1,"chr18:11696613","rs16976596","Available in GSA array"
"326","4","rs527616","(C/G)",0.2669,1,"chr18:24337424","rs527616","Available in GSA array"
"327","5","rs9952980","(T/C)",0.3394,1,"chr18:42888797","rs9952980","Available in GSA array"
"328","3a","rs16991615","(G/A)",0.0126,1,"chr20:5948227","rs16991615","Available in GSA array"
"329","5","rs2822999","(T/G)",0.1269,1,"chr21:16364756","rs2822999","Available in GSA array"
"330","7","rs2403907","(C/A)",0.2095,1,"chr21:16574455","rs2403907","Available in GSA array"
"331","1f","rs5750715","(T/A)",0.422,1,"chr22:39343916","rs5750715","Available in GSA array"
