"","RegulomeDB","Proxy SNPs","Coord","Ref/Alt","MAF","Dprime","query variant","rsid","cat","result"
"1","2b","rs7548466","chr1:100819828","(C/T)",0.0594,0.8626,"chr1:100880328","rs612683","Not available on GSA array","One proxy SNPs"
"2","1a","rs3850616","chr1:110183021","(G/T)",0.0453,0.974,"chr1:110198129","rs56097627","Not available on GSA array","One proxy SNPs"
"3","1d","rs17032011","chr1:114475350","(G/A)",0.292,0.7113,"chr1:114445880","rs7513707","Not available on GSA array","One proxy SNPs"
"4","2a","rs3767812","chr1:118155620","(G/A)",0.2472,0.9767,"chr1:118141492","rs12406858","Not available on GSA array","One proxy SNPs"
"5","1f","rs6600673","chr1:121168848","(T/C)",0.0972,1,"chr1:121287994","rs111458676","Not available on GSA array","One proxy SNPs"
"6","1b","rs744877","chr1:145714376","(G/T)",0.352,0.9498,"chr1:145604302","rs72127681","Not available on GSA array","One proxy SNPs"
"7","1a","rs1046188","chr1:155232074","(C/T)",0.4733,0.9007,"chr1:155556971","rs12091730","Not available on GSA array","One proxy SNPs"
"8","1d","rs2281014","chr1:168163838","(A/G)",0.3218,1,"chr1:168171052","rs139315904","Not available on GSA array","One proxy SNPs"
"9","2a","rs10489286","chr1:172312919","(G/A)",0.0504,0.9375,"chr1:172328767","rs11463354","Not available on GSA array","One proxy SNPs"
"10","1f","rs17489300","chr1:202179042","(A/C)",0.2744,0.9308,"chr1:202184600","rs6686987","Not available on GSA array","One proxy SNPs"
"11","2a","rs71281152","chr1:203839427","(-/A)",0.0363,1,"chr1:203770448","rs7514172","Not available on GSA array","One proxy SNPs"
"12","1b","rs1380576","chr1:204488278","(G/C)",0.351,1,"chr1:204502514","rs11268668","Not available on GSA array","One proxy SNPs"
"13","2a","rs11579778","chr1:208126139","(A/T)",0.0926,0.9337,"chr1:208076291","rs2785646","Not available on GSA array","One proxy SNPs"
"14","2b","rs61817870","chr1:216988915","(C/T)",0.005,0.873,"chr1:217053815","rs2576261","Not available on GSA array","One proxy SNPs"
"15","1a","rs439513","chr1:220884498","(A/G)",0.3359,0.7441,"chr1:220671050","rs11118563","Not available on GSA array","One proxy SNPs"
"16","1f","rs16827770","chr1:41383724","(A/G)",0.2115,0.7464,"chr1:41389220","rs114282204","Not available on GSA array","One proxy SNPs"
"17","1a","rs6703374","chr1:46862332","(C/G)",0.0544,0.7148,"chr1:46670206","rs144105764","Not available on GSA array","One proxy SNPs"
"18","1d","rs10888700","chr1:51086337","(T/C)",0.2568,0.953,"chr1:51467096","rs56168262","Not available on GSA array","One proxy SNPs"
"19","1f","rs707475","chr1:7917076","(G/A)",0.2226,1,"chr1:7917076","rs707475","Not available on GSA array","One proxy SNPs"
"20","3a","rs75188676","chr1:88446372","(G/A)",0.1088,0.758,"chr1:88428199","rs2151842","Not available on GSA array","One proxy SNPs"
"21","2a","rs12255678","chr10:114729482","(T/G)",0.065,0.7916,"chr10:114777670","rs10885405","Not available on GSA array","One proxy SNPs"
"22","3a","rs79531775","chr10:123092999","(A/T)",0.0509,0.9706,"chr10:123095209","rs9421410","Not available on GSA array","One proxy SNPs"
"23","2b","rs182064958","chr10:123446803","(C/T)",0.0015,1,"chr10:123340107","rs45631580","Not available on GSA array","One proxy SNPs"
"24","2a","rs117999938","chr10:123313664","(T/G)",0.0106,0.8372,"chr10:123340431","rs35054928","Not available on GSA array","One proxy SNPs"
"25","2b","rs45631581","chr10:123340314","(A/G)",0.1128,1,"chr10:123349324","rs45631563","Not available on GSA array","More than one proxy SNPs"
"26","2b","rs45631580","chr10:123340107","(A/G)",0.1128,1,"chr10:123349324","rs45631563","Not available on GSA array","More than one proxy SNPs"
"27","2b","rs75549362","chr10:13890928","(T/C)",0.0312,0.9723,"chr10:13892298","rs10796139","Not available on GSA array","One proxy SNPs"
"28","1f","rs1926693","chr10:22428920","(T/C)",0.1591,0.8919,"chr10:22477776",".","Not available on GSA array","One proxy SNPs"
"29","1f","rs1208645","chr10:38132087","(A/G)",0.0856,0.8279,"chr10:38523626","rs2384736","Not available on GSA array","One proxy SNPs"
"30","1a","rs10905307","chr10:5894500","(A/G)",0.1883,0.7965,"chr10:5794652","rs55910451","Not available on GSA array","One proxy SNPs"
"31","2a","rs148482214","chr10:64305610","(A/G)",0.0035,0.8496,"chr10:64299890","rs10995201","Not available on GSA array","One proxy SNPs"
"32","2b","rs375093643","chr10:71332809","(G/A)",0.006,1,"chr10:71335574","rs111833376","Not available on GSA array","One proxy SNPs"
"33","2b","rs112092315","chr10:80898232","(A/G)",0.0076,1,"chr10:80886726","rs4980029","Not available on GSA array","More than one proxy SNPs"
"34","2b","rs11812514","chr10:80898552","(T/G)",0.0076,1,"chr10:80886726","rs4980029","Not available on GSA array","More than one proxy SNPs"
"35","1f","rs17483894","chr10:95303332","(A/G)",0.0186,0.8016,"chr10:95292187","rs140936696","Not available on GSA array","One proxy SNPs"
"36","2b","rs11225991","chr11:103610063","(G/T)",0.0594,1,"chr11:103614438","rs7125780","Not available on GSA array","One proxy SNPs"
"37","1f","rs4987926","chr11:108117187","(C/T)",0.0332,1,"chr11:108267402","rs199504893","Not available on GSA array","One proxy SNPs"
"38","1b","rs647080","chr11:111609174","(G/A)",0.3031,0.9712,"chr11:111696440","rs610437","Not available on GSA array","One proxy SNPs"
"39","1d","rs7115242","chr11:116908283","(A/G)",0.2946,0.9583,"chr11:116727936","rs625145","Not available on GSA array","One proxy SNPs"
"40","1f","rs4936770","chr11:122928875","(C/T)",0.4713,0.9616,"chr11:122966626","rs7121616","Not available on GSA array","One proxy SNPs"
"41","2b","rs183017145","chr11:129507523","(C/G)",5e-04,1,"chr11:129243417","rs7939702","Not available on GSA array","More than one proxy SNPs"
"42","2b","rs146100050","chr11:128945755","(C/T)",5e-04,1,"chr11:129243417","rs7939702","Not available on GSA array","More than one proxy SNPs"
"43","3a","rs12787230","chr11:129459840","(T/G)",0.3646,0.9888,"chr11:129461016","rs11822830","Not available on GSA array","One proxy SNPs"
"44","1f","rs16914838","chr11:18511197","(G/A)",0.425,0.7724,"chr11:18664241","rs10832963","Not available on GSA array","One proxy SNPs"
"45","1f","rs587961","chr11:1881256","(T/C)",0.2699,0.8654,"chr11:1895708","rs4980386","Not available on GSA array","One proxy SNPs"
"46","3a","rs78577339","chr11:42735342","(T/G)",0.0468,0.8029,"chr11:42844441","rs4472923","Not available on GSA array","One proxy SNPs"
"47","1a","rs116101630","chr11:506826","(G/C)",0.0126,0.9187,"chr11:433617","rs7394715","Not available on GSA array","One proxy SNPs"
"48","2b","rs7126716","chr11:44368719","(C/T)",0.0609,0.9755,"chr11:44368892","rs10838267","Not available on GSA array","One proxy SNPs"
"49","3a","rs77916020","chr11:46516997","(T/C)",5e-04,1,"chr11:46318032","rs77047825","Not available on GSA array","One proxy SNPs"
"50","1b","rs668210","chr11:65783915","(T/C)",0.2628,0.7592,"chr11:65553492","rs12287832","Not available on GSA array","One proxy SNPs"
"51","1b","rs2231884","chr11:65656564","(C/T)",0.2064,0.9683,"chr11:65572431","rs10896047","Not available on GSA array","One proxy SNPs"
"52","2b","rs74888548","chr11:69330333","(C/G)",0.003,1,"chr11:69328130","rs35039974","Not available on GSA array","One proxy SNPs"
"53","2b","rs117568509","chr11:69354027","(G/A)",0.0352,0.7961,"chr11:69330983","rs661204","Not available on GSA array","One proxy SNPs"
"54","2a","rs116982714","chr12:102915631","(C/T)",5e-04,1,"chr12:103097887","rs7132703","Not available on GSA array","One proxy SNPs"
"55","1d","rs11065827","chr12:111619339","(T/C)",0.4124,1,"chr12:111600134","rs11065822","Not available on GSA array","One proxy SNPs"
"56","2a","rs76107203","chr12:115106230","(C/A)",0.0237,1,"chr12:115108136","rs1061657","Not available on GSA array","One proxy SNPs"
"57","2b","rs115209251","chr12:115800431","(A/G)",0.0101,1,"chr12:115796577","rs11067551","Not available on GSA array","One proxy SNPs"
"58","2a","rs788463","chr12:28152648","(A/T)",0.1561,0.9962,"chr12:28149568","rs788458","Not available on GSA array","One proxy SNPs"
"59","2a","rs10506037","chr12:28651146","(A/T)",0.1078,0.9222,"chr12:28347382","rs11049431","Not available on GSA array","One proxy SNPs"
"60","2b","rs79659920","chr12:29219324","(G/A)",0.0237,1,"chr12:29140260","rs1027113","Not available on GSA array","One proxy SNPs"
"61","1f","rs2291922","chr12:275065","(A/G)",0.3243,0.7833,"chr12:293626","rs797736","Not available on GSA array","One proxy SNPs"
"62","1d","rs17108038","chr12:70741608","(T/C)",0.213,0.7955,"chr12:70798355","rs2870876","Not available on GSA array","One proxy SNPs"
"63","2a","rs1565801","chr12:82921143","(C/T)",0.2407,0.7612,"chr12:83064195","rs111622698","Not available on GSA array","One proxy SNPs"
"64","2a","rs11116428","chr12:84891803","(G/A)",0.1737,0.8287,"chr12:85004551","rs10862899","Not available on GSA array","One proxy SNPs"
"65","3a","rs9526028","chr13:32839079","(G/C)",0.4204,0.9384,"chr13:32839990","rs56404467","Not available on GSA array","One proxy SNPs"
"66","2b","rs1544295","chr13:43498689","(C/T)",0.0886,0.8607,"chr13:43501356","rs9315973","Not available on GSA array","One proxy SNPs"
"67","2b","rs8002827","chr13:73836097","(T/G)",0.4099,0.9208,"chr13:73806982","rs12870942","Not available on GSA array","One proxy SNPs"
"68","2c","rs9573223","chr13:74056451","(A/G)",0.2306,0.8916,"chr13:73960952","rs2181965","Not available on GSA array","One proxy SNPs"
"69","1b","rs12590163","chr14:105223525","(T/C)",0.3525,0.9477,"chr14:105213978","rs4983544","Not available on GSA array","One proxy SNPs"
"70","2b","rs140452864","chr14:37048640","(C/T)",0.004,1,"chr14:37128564","rs34914085","Not available on GSA array","One proxy SNPs"
"71","2a","rs712329","chr14:37240591","(G/A)",0.2341,0.9604,"chr14:37228504","rs2253012","Not available on GSA array","One proxy SNPs"
"72","2b","rs113564266","chr14:91749417","(T/C)",0.0091,1,"chr14:91751788","rs11341843","Not available on GSA array","One proxy SNPs"
"73","1d","rs12915188","chr15:100912913","(T/C)",0.4315,0.9409,"chr15:100905819","rs144767203","Not available on GSA array","One proxy SNPs"
"74","5","rs10519056","chr15:46780520","(C/T)",0.0272,1,"chr15:46680811","rs187010898","Not available on GSA array","One proxy SNPs"
"75","1b","rs16949879","chr15:66694431","(A/G)",0.3721,0.7532,"chr15:66630569","rs8042593","Not available on GSA array","One proxy SNPs"
"76","2a","rs4147358","chr15:67428014","(C/A)",0.4567,0.9365,"chr15:67457698","rs35874463","Not available on GSA array","One proxy SNPs"
"77","1b","rs3803464","chr15:75654366","(C/G)",0.0292,0.9577,"chr15:75750383","rs8035987","Not available on GSA array","One proxy SNPs"
"78","1a","rs2301826","chr15:91525197","(C/T)",0.4532,0.9698,"chr15:91512267","rs2290202","Not available on GSA array","One proxy SNPs"
"79","1b","rs2719756","chr16:10742767","(G/C)",0.0488,0.9009,"chr16:10706580","rs34872983","Not available on GSA array","One proxy SNPs"
"80","3a","rs185568366","chr16:23314444","(G/A)",5e-04,1,"chr16:23007047","rs75753503","Not available on GSA array","One proxy SNPs"
"81","2b","rs79594099","chr16:4115140","(G/T)",0.0015,1,"chr16:4008542","rs57920543","Not available on GSA array","More than one proxy SNPs"
"82","2b","rs371639841","chr16:3857469","(T/C)",0.0015,1,"chr16:4008542","rs57920543","Not available on GSA array","More than one proxy SNPs"
"83","2b","rs148112493","chr16:4184041","(G/A)",0.0065,1,"chr16:4106788","rs11076805","Not available on GSA array","One proxy SNPs"
"84","2b","rs1362549","chr16:52582775","(A/T)",0.1777,0.9856,"chr16:52538825","rs35668161","Not available on GSA array","One proxy SNPs"
"85","1f","rs56390114","chr16:53857263","(C/T)",0.3172,1,"chr16:53861139","rs6499648","Not available on GSA array","One proxy SNPs"
"86","1f","rs56390114","chr16:53857263","(C/T)",0.3172,0.7828,"chr16:53861592","rs7184573","Not available on GSA array","One proxy SNPs"
"87","2b","rs75470743","chr16:6976900","(G/A)",0.1425,0.7352,"chr16:6963972","rs12709163","Not available on GSA array","One proxy SNPs"
"88","2b","rs8056731","chr16:80649830","(A/G)",0.0529,0.814,"chr16:80648296","rs7500067","Not available on GSA array","One proxy SNPs"
"89","2b","rs79334537","chr16:85084390","(G/A)",0.0065,0.8919,"chr16:85145977","rs9931038","Not available on GSA array","One proxy SNPs"
"90","2b","rs149515580","chr16:87019832","(C/T)",0.0035,1,"chr16:87086492","rs12449271","Not available on GSA array","One proxy SNPs"
"91","1b","rs9915139","chr17:29158515","(A/G)",0.1969,1,"chr17:29168077","rs79461387","Not available on GSA array","More than one proxy SNPs"
"92","1b","rs2269916","chr17:29233763","(A/G)",0.1969,1,"chr17:29168077","rs79461387","Not available on GSA array","More than one proxy SNPs"
"93","2b","rs184201255","chr17:39261762","(G/A)",5e-04,1,"chr17:39251123","rs150537328","Not available on GSA array","More than one proxy SNPs"
"94","2b","rs148364399","chr17:39683565","(C/T)",5e-04,1,"chr17:39251123","rs150537328","Not available on GSA array","More than one proxy SNPs"
"95","1f","rs9899285","chr17:40049694","(G/A)",0.0101,1,"chr17:40127060","rs11296","Not available on GSA array","One proxy SNPs"
"96","1d","rs2074154","chr17:40259980","(A/T)",0.213,0.9108,"chr17:40485239","rs17881320","Not available on GSA array","One proxy SNPs"
"97","1f","rs1553469","chr17:40842762","(C/A)",0.0166,1,"chr17:40744470","rs149370081","Not available on GSA array","One proxy SNPs"
"98","1b","rs11657325","chr17:43242694","(G/A)",0.2664,0.8567,"chr17:43212339","rs71363517","Not available on GSA array","One proxy SNPs"
"99","1a","rs2316954","chr17:44156167","(G/A)",0.0307,1,"chr17:44283858",".","Not available on GSA array","More than one proxy SNPs"
"100","1a","rs17572495","chr17:44054596","(T/G)",0.0307,1,"chr17:44283858",".","Not available on GSA array","More than one proxy SNPs"
"101","1b","rs17817950","chr17:53045325","(G/A)",0.2351,0.8224,"chr17:53209774","rs2787486","Not available on GSA array","One proxy SNPs"
"102","1f","rs7239066","chr18:20512023","(G/A)",0.0629,0.7971,"chr18:20634253","rs11665269","Not available on GSA array","One proxy SNPs"
"103","2b","rs116267417","chr18:24129866","(C/A)",0.0131,1,"chr18:24125857","rs1111207","Not available on GSA array","One proxy SNPs"
"104","1f","rs7243368","chr18:24551866","(G/C)",0.4431,0.8843,"chr18:24518050","rs35369219","Not available on GSA array","One proxy SNPs"
"105","2a","rs4296336","chr18:25419219","(T/C)",0.2915,0.8224,"chr18:25407513","rs8092192","Not available on GSA array","One proxy SNPs"
"106","2b","rs117686225","chr18:29628973","(T/C)",0.002,0.7435,"chr18:29981526","rs72931898","Not available on GSA array","One proxy SNPs"
"107","2a","rs148851173","chr18:42311702","(T/C)",0.0015,1,"chr18:42411803","rs9954058","Not available on GSA array","One proxy SNPs"
"108","1f","rs2043289","chr19:13269181","(G/A)",0.0453,1,"chr19:13249921","rs117922601","Not available on GSA array","One proxy SNPs"
"109","1b","rs3826729","chr19:17358133","(G/A)",0.3132,0.779,"chr19:17393925","rs56069439","Not available on GSA array","One proxy SNPs"
"110","1c","rs4808136","chr19:18618867","(G/A)",0.3308,1,"chr19:18569492","rs10164323","Not available on GSA array","One proxy SNPs"
"111","1a","rs4539728","chr19:19431480","(C/A)",0.1037,0.9688,"chr19:19517054","rs140702307","Not available on GSA array","One proxy SNPs"
"112","1b","rs3760983","chr19:44286660","(T/C)",0.3857,0.992,"chr19:44283031","rs56681946","Not available on GSA array","One proxy SNPs"
"113","1a","rs11671664","chr19:46172278","(G/A)",0.2422,0.9116,"chr19:46166073","rs4399645","Not available on GSA array","One proxy SNPs"
"114","2a","rs372794801","chr19:55987931","(G/T)",0.0055,0.8713,"chr19:55816678","rs1172821","Not available on GSA array","One proxy SNPs"
"115","1d","rs731453","chr2:10124656","(G/T)",0.2014,0.7217,"chr2:10138983","rs78425380","Not available on GSA array","One proxy SNPs"
"116","2a","rs75142817","chr2:121010211","(G/C)",0.0468,1,"chr2:121058254","rs6746250","Not available on GSA array","One proxy SNPs"
"117","2b","rs191850114","chr2:121056815","(C/T)",0.001,1,"chr2:121089731","rs17625845","Not available on GSA array","One proxy SNPs"
"118","2a","rs10164550","chr2:121159205","(G/A)",0.2472,1,"chr2:121159205","rs10164550","Not available on GSA array","One proxy SNPs"
"119","2b","rs11684599","chr2:121228887","(C/T)",0.0035,1,"chr2:121246568","rs10179592","Not available on GSA array","One proxy SNPs"
"120","2a","rs62183857","chr2:172963931","(C/A)",0.1561,0.9014,"chr2:172974566","rs17726078","Not available on GSA array","One proxy SNPs"
"121","1f","rs1560834","chr2:174212672","(A/G)",0.1511,1,"chr2:174212910","rs1550622","Not available on GSA array","One proxy SNPs"
"122","2a","rs146779141","chr2:19371368","(T/C)",0.0121,1,"chr2:19315675","rs6743383","Not available on GSA array","One proxy SNPs"
"123","1b","rs1861270","chr2:202126615","(A/G)",0.2205,0.9189,"chr2:202204741","rs10197246","Not available on GSA array","One proxy SNPs"
"124","2a","rs7587558","chr2:217954982","(T/A)",0.0086,1,"chr2:217955896",".","Not available on GSA array","One proxy SNPs"
"125","2b","rs62176728","chr2:218263818","(T/C)",0.1737,0.8899,"chr2:218292158","rs11693806","Not available on GSA array","More than one proxy SNPs"
"126","2b","rs74340820","chr2:218263817","(G/A)",0.1737,0.8899,"chr2:218292158","rs11693806","Not available on GSA array","More than one proxy SNPs"
"127","2b","rs150235458","chr2:218692242","(C/G)",0.0081,0.9123,"chr2:218714845","rs3791977","Not available on GSA array","One proxy SNPs"
"128","2b","rs115385515","chr2:241505957","(C/A)",0.1037,0.814,"chr2:241388857","rs4676356","Not available on GSA array","One proxy SNPs"
"129","1b","rs7586879","chr2:25116977","(C/T)",0.4033,0.8781,"chr2:25129473","rs6725517","Not available on GSA array","One proxy SNPs"
"130","1b","rs6547881","chr2:29032746","(T/C)",0.2442,0.9293,"chr2:29179452","rs12472404","Not available on GSA array","One proxy SNPs"
"131","2a","rs75645293","chr2:29595196","(T/A)",0.1304,1,"chr2:29615233","rs4322799","Not available on GSA array","One proxy SNPs"
"132","2b","rs7572633","chr2:39721919","(A/C)",0.1621,0.8164,"chr2:39699510","rs11406722","Not available on GSA array","One proxy SNPs"
"133","2b","rs368695475","chr2:70477082","(A/G)",0.0181,0.8363,"chr2:70172587","rs6756513","Not available on GSA array","One proxy SNPs"
"134","2a","rs142974467","chr2:88315952","(C/T)",0.0055,1,"chr2:88358825","rs1036759","Not available on GSA array","More than one proxy SNPs"
"135","2a","rs200827761","chr2:88315884","(C/T)",0.0055,1,"chr2:88358825","rs1036759","Not available on GSA array","More than one proxy SNPs"
"136","2c","rs2423550","chr20:11477074","(G/T)",0.0393,1,"chr20:11379842","rs1154723","Not available on GSA array","One proxy SNPs"
"137","1f","rs2867591","chr20:41609188","(A/G)",0.1269,0.796,"chr20:41613706","rs6030585","Not available on GSA array","One proxy SNPs"
"138","2b","rs372564874","chr20:52272940","(G/A)",0.005,1,"chr20:52296849","rs13039563","Not available on GSA array","One proxy SNPs"
"139","3a","rs139336362","chr21:16125875","(T/C)",0.0015,1,"chr21:16566350","rs2823130","Not available on GSA array","One proxy SNPs"
"140","1a","rs2839203","chr21:47716389","(C/A)",0.4698,1,"chr21:47762932","rs4818836","Not available on GSA array","One proxy SNPs"
"141","1d","rs5748427","chr22:19775287","(A/G)",0.4235,0.8063,"chr22:19766137","rs9798754","Not available on GSA array","One proxy SNPs"
"142","1f","rs9625575","chr22:29204886","(A/C)",0.1002,0.8493,"chr22:29135543","rs5997390","Not available on GSA array","One proxy SNPs"
"143","1f","rs134583","chr22:29465677","(C/T)",0.1506,0.8528,"chr22:29203724","rs34134147","Not available on GSA array","One proxy SNPs"
"144","2a","rs132390","chr22:29621477","(C/T)",0.0111,1,"chr22:29551872","rs132289","Not available on GSA array","One proxy SNPs"
"145","1d","rs9611334","chr22:40795242","(A/G)",0.1667,0.7196,"chr22:40904707","rs66987842","Not available on GSA array","One proxy SNPs"
"146","1b","rs4822203","chr22:43240806","(T/C)",0.2387,0.8323,"chr22:43433100","rs9611990","Not available on GSA array","One proxy SNPs"
"147","2a","rs79121713","chr22:45349516","(G/C)",0.0639,0.8096,"chr22:45319953","rs112855987","Not available on GSA array","One proxy SNPs"
"148","2b","rs370971824","chr22:45980498","(T/C)",0.004,0.7326,"chr22:46283297","rs28512361","Not available on GSA array","One proxy SNPs"
"149","1f","rs3821709","chr3:141280273","(T/C)",0.1526,0.7116,"chr3:141112859","rs34207738","Not available on GSA array","More than one proxy SNPs"
"150","1f","rs2035935","chr3:141306013","(A/G)",0.1526,0.7116,"chr3:141112859","rs34207738","Not available on GSA array","More than one proxy SNPs"
"151","1f","rs1823227","chr3:172240215","(T/G)",0.1556,0.7937,"chr3:172285237","rs58058861","Not available on GSA array","One proxy SNPs"
"152","2b","rs7650592","chr3:189809975","(T/C)",0.004,0.7039,"chr3:189774456","rs9882792","Not available on GSA array","One proxy SNPs"
"153","1b","rs3755652","chr3:27472936","(C/T)",0.1229,0.9062,"chr3:27388664","rs62255657","Not available on GSA array","One proxy SNPs"
"154","3a","rs73058374","chr3:29223072","(C/G)",0.0937,1,"chr3:29294845","rs112476261","Not available on GSA array","One proxy SNPs"
"155","2a","rs138051131","chr3:30327744","(G/A)",0.0111,1,"chr3:30684907","rs17838698","Not available on GSA array","One proxy SNPs"
"156","2a","rs183236942","chr3:46920474","(T/A)",0.007,0.9102,"chr3:46888198","rs56387622","Not available on GSA array","One proxy SNPs"
"157","2a","rs13059562","chr3:4729730","(C/T)",0.146,0.992,"chr3:4742251","rs6762558","Not available on GSA array","One proxy SNPs"
"158","1a","rs6797765","chr3:49423976","(A/G)",0.1747,0.9082,"chr3:49709912",".","Not available on GSA array","One proxy SNPs"
"159","2a","rs62253661","chr3:55919087","(C/T)",0.1047,0.8404,"chr3:55970777","rs138866686","Not available on GSA array","One proxy SNPs"
"160","2a","rs72871965","chr3:59367196","(G/A)",0.0176,1,"chr3:59373745","rs2886671","Not available on GSA array","One proxy SNPs"
"161","2b","rs72628632","chr3:71439061","(T/C)",0.0438,1,"chr3:71620370","rs9825432","Not available on GSA array","One proxy SNPs"
"162","1f","rs7632856","chr3:99329404","(C/T)",0.0488,0.7597,"chr3:99403877","rs639355","Not available on GSA array","One proxy SNPs"
"163","1f","rs2647265","chr4:106268640","(A/T)",0.3026,0.7019,"chr4:106069013","rs62331150","Not available on GSA array","One proxy SNPs"
"164","3a","rs55877831","chr4:143465894","(G/A)",0.0206,1,"chr4:143467195","rs56039025","Not available on GSA array","More than one proxy SNPs"
"165","3a","rs72726446","chr4:143471525","(G/A)",0.0206,1,"chr4:143467195","rs56039025","Not available on GSA array","More than one proxy SNPs"
"166","2b","rs143299857","chr4:151180167","(A/G)",0.0222,1,"chr4:151218296","rs138786872","Not available on GSA array","One proxy SNPs"
"167","2b","rs72710275","chr4:175849443","(G/T)",0.1465,1,"chr4:175842495","rs28436676","Not available on GSA array","One proxy SNPs"
"168","2b","rs79742404","chr4:176251569","(C/T)",0.006,0.8047,"chr4:175847436","rs62334414","Not available on GSA array","One proxy SNPs"
"169","1b","rs5743565","chr4:38805983","(T/C)",0.2815,0.919,"chr4:38784633","rs10012017","Not available on GSA array","One proxy SNPs"
"170","2b","rs17013282","chr4:88765873","(G/A)",0.077,0.9472,"chr4:89240476","rs17014016","Not available on GSA array","One proxy SNPs"
"171","3a","rs118144892","chr4:92602928","(G/A)",0.0111,0.9136,"chr4:92594859","rs147404208","Not available on GSA array","One proxy SNPs"
"172","2b","rs5871025","chr5:122461087","(-/A)",0.0312,0.9203,"chr5:122478676","rs335160","Not available on GSA array","One proxy SNPs"
"173","2a","rs7711753","chr5:122733317","(G/A)",0.4763,1,"chr5:122705244","rs1428387","Not available on GSA array","One proxy SNPs"
"174","2b","rs35334674","chr5:1292299","(G/A)",0.0373,0.9745,"chr5:1296255","rs3215401","Not available on GSA array","One proxy SNPs"
"175","1f","rs11747001","chr5:132412299","(A/G)",0.1561,1,"chr5:132407058","rs6596100","Not available on GSA array","One proxy SNPs"
"176","3a","rs371033621","chr5:16192675","(G/A)",0.0322,0.9426,"chr5:16231194","rs17611291","Not available on GSA array","One proxy SNPs"
"177","2a","rs76714813","chr5:169578469","(G/C)",0.0317,0.8237,"chr5:169591460","rs10074269","Not available on GSA array","One proxy SNPs"
"178","1a","rs6882088","chr5:173294176","(A/G)",0.0851,0.9003,"chr5:173358154","rs6864691","Not available on GSA array","One proxy SNPs"
"179","2c","rs11738778","chr5:2783554","(C/T)",0.1103,0.7348,"chr5:2777029","rs4866496","Not available on GSA array","One proxy SNPs"
"180","2b","rs77777276","chr5:32583028","(T/C)",0.005,1,"chr5:32579616","rs35130031","Not available on GSA array","One proxy SNPs"
"181","1b","rs11738344","chr5:392622","(A/G)",0.075,0.9254,"chr5:345109","rs116095464","Not available on GSA array","One proxy SNPs"
"182","2b","rs1482664","chr5:44546554","(G/C)",0.1219,0.906,"chr5:44508264","rs58166936","Not available on GSA array","One proxy SNPs"
"183","2a","rs4412123","chr5:44876288","(T/C)",0.498,0.8661,"chr5:44619502","rs187108781","Not available on GSA array","One proxy SNPs"
"184","2a","rs4412123","chr5:44876288","(T/C)",0.498,0.8716,"chr5:44853593","rs17343002","Not available on GSA array","One proxy SNPs"
"185","2b","rs72752237","chr5:55624954","(C/T)",0.0086,1,"chr5:55662540","rs113803968","Not available on GSA array","One proxy SNPs"
"186","2b","rs75826415","chr5:55953006","(C/G)",0.0211,1,"chr5:55965167","rs889310","Not available on GSA array","One proxy SNPs"
"187","1b","rs11960484","chr5:56109154","(A/G)",0.283,0.9751,"chr5:56042972","rs76250845","Not available on GSA array","One proxy SNPs"
"188","2b","rs78873610","chr5:58361697","(G/A)",0.0106,1,"chr5:58241712","rs113778879","Not available on GSA array","One proxy SNPs"
"189","1f","rs16901224","chr5:72082613","(T/C)",0.1234,0.8222,"chr5:71965007","rs3010266","Not available on GSA array","More than one proxy SNPs"
"190","1f","rs6452685","chr5:72085087","(C/T)",0.1234,0.8222,"chr5:71965007","rs3010266","Not available on GSA array","More than one proxy SNPs"
"191","1f","rs388041","chr5:73259631","(C/T)",0.4748,0.8329,"chr5:73234583","rs157557","Not available on GSA array","One proxy SNPs"
"192","1d","rs7704525","chr5:77147530","(T/C)",0.3414,0.9854,"chr5:77155397","rs144028731","Not available on GSA array","One proxy SNPs"
"193","2b","rs12654767","chr5:79174644","(T/C)",0.0363,1,"chr5:79180995","rs34525310","Not available on GSA array","One proxy SNPs"
"194","1a","rs17247678","chr5:81652773","(G/A)",0.0418,0.8435,"chr5:81512947","rs146817970","Not available on GSA array","One proxy SNPs"
"195","2b","rs369152202","chr5:90653036","(C/T)",0.0101,1,"chr5:90789470","rs332529","Not available on GSA array","One proxy SNPs"
"196","1d","rs9321208","chr6:130433290","(G/A)",0.0856,0.7569,"chr6:130341728","rs55941023","Not available on GSA array","One proxy SNPs"
"197","2a","rs77649360","chr6:13715999","(G/C)",0.0911,1,"chr6:13713366","rs418053","Not available on GSA array","One proxy SNPs"
"198","1a","rs62428470","chr6:149568138","(T/C)",0.2497,0.8988,"chr6:149595505","rs2121348","Not available on GSA array","One proxy SNPs"
"199","1f","rs9383935","chr6:151939848","(C/T)",0.1818,0.9713,"chr6:151949806","rs6913578","Not available on GSA array","One proxy SNPs"
"200","2b","rs17081662","chr6:152086685","(C/T)",0.0322,0.7594,"chr6:152022664","rs57589542","Not available on GSA array","One proxy SNPs"
"201","2b","rs117210371","chr6:151998586","(T/C)",0.003,1,"chr6:152023191","rs851984","Not available on GSA array","One proxy SNPs"
"202","2b","rs190322127","chr6:152283787","(C/T)",0.0015,1,"chr6:152055978","rs6904031","Not available on GSA array","One proxy SNPs"
"203","3a","rs116864040","chr6:152450284","(C/T)",0.0363,0.974,"chr6:152432902","rs910416","Not available on GSA array","One proxy SNPs"
"204","3a","rs7739829","chr6:16402263","(C/G)",0.0237,0.8946,"chr6:16399557","rs3819405","Not available on GSA array","One proxy SNPs"
"205","2b","rs74636706","chr6:169037273","(G/A)",0.0247,1,"chr6:169006947","rs9364472","Not available on GSA array","One proxy SNPs"
"206","2a","rs73027402","chr6:170353702","(A/G)",0.0211,1,"chr6:170332621","rs6940159","Not available on GSA array","One proxy SNPs"
"207","3a","rs182972926","chr6:18534083","(G/A)",0.004,1,"chr6:18783140","rs12211970","Not available on GSA array","One proxy SNPs"
"208","2a","rs74875263","chr6:20611051","(C/G)",0.0065,0.8872,"chr6:20537845",".","Not available on GSA array","One proxy SNPs"
"209","2b","rs147798046","chr6:21954599","(G/A)",0.0065,1,"chr6:21923810","rs9358466","Not available on GSA array","One proxy SNPs"
"210","1f","rs3730363","chr6:43144054","(G/A)",0.0222,0.7628,"chr6:43227141","rs111342015","Not available on GSA array","One proxy SNPs"
"211","1f","rs2120536","chr6:82093149","(A/G)",0.0237,0.8973,"chr6:82263549",".","Not available on GSA array","More than one proxy SNPs"
"212","1f","rs7738157","chr6:82050891","(T/C)",0.0237,0.846,"chr6:82263549",".","Not available on GSA array","More than one proxy SNPs"
"213","3a","rs67741891","chr6:85971044","(-/C)",0.0383,1,"chr6:85912194","rs146519950","Not available on GSA array","One proxy SNPs"
"214","1b","rs2875533","chr6:88030587","(G/T)",0.3797,0.7292,"chr6:87803819","rs73754909","Not available on GSA array","One proxy SNPs"
"215","2a","rs6961254","chr7:101546439","(A/G)",0.2387,1,"chr7:101552440","rs71559437","Not available on GSA array","One proxy SNPs"
"216","1f","rs7781557","chr7:102481891","(C/T)",0.0504,1,"chr7:102481842","rs7800548","Not available on GSA array","More than one proxy SNPs"
"217","1f","rs17474893","chr7:102480757","(C/T)",0.0504,1,"chr7:102481842","rs7800548","Not available on GSA array","More than one proxy SNPs"
"218","1f","rs4593472","chr7:130667121","(C/T)",0.2674,0.8479,"chr7:130656911","rs12706954","Not available on GSA array","One proxy SNPs"
"219","4","rs373278245","chr7:139922651","(C/T)",0.0171,0.7388,"chr7:139943702","rs5887960","Not available on GSA array","One proxy SNPs"
"220","2a","rs3735382","chr7:143599231","(C/G)",0.1702,0.711,"chr7:144048902","rs62485509","Not available on GSA array","One proxy SNPs"
"221","2b","rs117635738","chr7:25659828","(A/C)",0.0065,0.8071,"chr7:25569548","rs289997","Not available on GSA array","One proxy SNPs"
"222","1f","rs2391683","chr7:28745051","(T/G)",0.4839,0.7107,"chr7:28869017","rs74765302","Not available on GSA array","One proxy SNPs"
"223","2b","rs17151952","chr7:55195720","(G/T)",0.0297,0.9437,"chr7:55192256","rs13244925","Not available on GSA array","One proxy SNPs"
"224","1f","rs7812180","chr7:97969140","(C/T)",0.0619,1,"chr7:98005235","rs4439053","Not available on GSA array","One proxy SNPs"
"225","1b","rs6948685","chr7:99970188","(C/T)",0.068,1,"chr7:99948655","rs111963714","Not available on GSA array","One proxy SNPs"
"226","2b","rs77163919","chr8:102449392","(T/A)",0.0025,1,"chr8:102483100","rs62517052","Not available on GSA array","One proxy SNPs"
"227","2b","rs113815514","chr8:106313098","(G/A)",0.1219,0.7353,"chr8:106358620","rs12546444","Not available on GSA array","One proxy SNPs"
"228","1b","rs16893252","chr8:120879600","(G/A)",0.076,0.9539,"chr8:120862186","rs62526620","Not available on GSA array","One proxy SNPs"
"229","2b","rs117923353","chr8:124549942","(A/G)",0.0086,0.9233,"chr8:124563705","rs35542655","Not available on GSA array","One proxy SNPs"
"230","2b","rs17338685","chr8:124585514","(T/C)",0.0211,0.9466,"chr8:124571581","rs12541094","Not available on GSA array","One proxy SNPs"
"231","2a","rs4595110","chr8:124732424","(C/G)",0.354,0.7542,"chr8:124739913","rs7842619","Not available on GSA array","One proxy SNPs"
"232","2b","rs72728027","chr8:128227188","(A/G)",0.0045,0.7387,"chr8:128213561","rs35961416","Not available on GSA array","One proxy SNPs"
"233","2a","rs188837312","chr8:128315813","(C/T)",0.0186,1,"chr8:128370949","rs12550713","Not available on GSA array","One proxy SNPs"
"234","2a","rs188837312","chr8:128315813","(C/T)",0.0186,0.9633,"chr8:128372172","rs10096351","Not available on GSA array","One proxy SNPs"
"235","2a","rs2542402","chr8:129179799","(A/G)",0.1219,1,"chr8:129199566","rs1016578","Not available on GSA array","One proxy SNPs"
"236","2a","rs7017842","chr8:143685116","(G/A)",0.2261,0.92,"chr8:143669254","rs7830152","Not available on GSA array","One proxy SNPs"
"237","1d","rs10096484","chr8:17781850","(A/T)",0.0534,0.9521,"chr8:17787610","rs3988353","Not available on GSA array","One proxy SNPs"
"238","1c","rs7833754","chr8:23419850","(T/C)",0.2251,0.7519,"chr8:23447496","rs1028016","Not available on GSA array","One proxy SNPs"
"239","2b","rs144377616","chr8:23651987","(T/A)",0.0086,1,"chr8:23663653","rs310295","Not available on GSA array","One proxy SNPs"
"240","2b","rs58036971","chr8:76169819","(T/C)",0.1944,0.9536,"chr8:76230943","rs1511243","Not available on GSA array","One proxy SNPs"
"241","2b","rs2488051","chr9:110330853","(T/G)",0.2014,0.9059,"chr9:110303808","rs60037937","Not available on GSA array","One proxy SNPs"
"242","2a","rs10816625","chr9:110837073","(A/G)",0.2321,1,"chr9:110837176","rs13294895","Not available on GSA array","One proxy SNPs"
"243","2a","rs634454","chr9:110913154","(T/G)",0.0317,0.7949,"chr9:110849525","rs7848334","Not available on GSA array","One proxy SNPs"
"244","2a","rs634454","chr9:110913154","(T/G)",0.0317,1,"chr9:110885479","rs630965","Not available on GSA array","One proxy SNPs"
"245","2a","rs4836766","chr9:119334663","(C/T)",0.0378,1,"chr9:119313486","rs1895062","Not available on GSA array","One proxy SNPs"
"246","1f","rs2417027","chr9:129429091","(A/G)",0.2326,0.8747,"chr9:129424719","rs3861871","Not available on GSA array","One proxy SNPs"
"247","1f","rs8176630","chr9:136152722","(C/T)",0.1259,1,"chr9:136146597",".","Not available on GSA array","One proxy SNPs"
"248","1f","rs17694572","chr9:22054356","(G/A)",0.0277,0.7109,"chr9:21964882","rs3057314","Not available on GSA array","One proxy SNPs"
"249","2b","rs115971312","chr9:36969173","(T/G)",0.1093,0.7973,"chr9:36928288","rs4880038","Not available on GSA array","More than one proxy SNPs"
"250","2b","rs12552911","chr9:36969204","(C/T)",0.1093,0.7973,"chr9:36928288","rs4880038","Not available on GSA array","More than one proxy SNPs"
"251","2a","rs147430735","chr9:6591011","(C/T)",5e-04,1,"chr9:6880263","rs10975870","Not available on GSA array","One proxy SNPs"
"252","2b","rs184832305","chr9:98355346","(A/C)",0.0045,1,"chr9:98362587","rs10120432","Not available on GSA array","More than one proxy SNPs"
"253","2b","rs187349632","chr9:98344402","(A/G)",0.0045,1,"chr9:98362587","rs10120432","Not available on GSA array","More than one proxy SNPs"
"254","5","rs616488","chr1:10566215","(A/G)",0.2805,1,"chr1:10566215","rs616488","Available on GSA array","Available on GSA array"
"255","7","rs637868","chr1:120257110","(T/C)",0.1878,1,"chr1:120257110","rs637868","Available on GSA array","Available on GSA array"
"256","5","rs11249433","chr1:121280613","(A/G)",0.0906,1,"chr1:121280613","rs11249433","Available on GSA array","Available on GSA array"
"257","3a","rs11205303","chr1:149906413","(T/C)",0.2875,1,"chr1:149906413","rs11205303","Available on GSA array","Available on GSA array"
"258","2a","rs2992756","chr1:18807339","(T/C)",0.358,1,"chr1:18807339","rs2992756","Available on GSA array","Available on GSA array"
"259","2a","rs35383942","chr1:201437832","(C/T)",0.0025,1,"chr1:201437832","rs35383942","Available on GSA array","Available on GSA array"
"260","6","rs11117758","chr1:217220574","(G/A)",0.1339,1,"chr1:217220574","rs11117758","Available on GSA array","Available on GSA array"
"261","7","rs72755295","chr1:242034263","(A/G)",0.005,1,"chr1:242034263","rs72755295","Available on GSA array","Available on GSA array"
"262","5","rs4233486","chr1:41380440","(C/T)",0.351,1,"chr1:41380440","rs4233486","Available on GSA array","Available on GSA array"
"263","7","rs17426269","chr1:88156923","(G/A)",0.0509,1,"chr1:88156923","rs17426269","Available on GSA array","Available on GSA array"
"264","5","rs2356656","chr2:192381934","(C/T)",0.0448,1,"chr2:192381934","rs2356656","Available on GSA array","Available on GSA array"
"265","5","rs4442975","chr2:217920769","(G/T)",0.289,1,"chr2:217920769","rs4442975","Available on GSA array","Available on GSA array"
"266","2b","rs552647","chr3:27353716","(C/A)",0.3776,1,"chr3:27353716","rs552647","Available on GSA array","Available on GSA array"
"267","2b","rs13066793","chr3:87037543","(A/G)",0.0373,1,"chr3:87037543","rs13066793","Available on GSA array","Available on GSA array"
"268","7","rs17157372","chr5:104300273","(G/T)",0.1168,1,"chr5:104300273","rs17157372","Available on GSA array","Available on GSA array"
"269","5","rs10069690","chr5:1279790","(C/T)",0.219,1,"chr5:1279790","rs10069690","Available on GSA array","Available on GSA array"
"270","7","rs6860806","chr5:131640536","(A/G)",0.2412,1,"chr5:131640536","rs6860806","Available on GSA array","Available on GSA array"
"271","7","rs1432679","chr5:158244083","(C/T)",0.4758,1,"chr5:158244083","rs1432679","Available on GSA array","Available on GSA array"
"272","6","rs4613718","chr5:44649944","(C/T)",0.3852,1,"chr5:44649944","rs4613718","Available on GSA array","Available on GSA array"
"273","6","rs10941679","chr5:44706498","(A/G)",0.423,1,"chr5:44706498","rs10941679","Available on GSA array","Available on GSA array"
"274","5","rs16886165","chr5:56023083","(T/G)",0.3434,1,"chr5:56023083","rs16886165","Available on GSA array","Available on GSA array"
"275","6","rs11949391","chr5:56045081","(T/C)",0.1193,1,"chr5:56045081","rs11949391","Available on GSA array","Available on GSA array"
"276","7","rs60954078","chr6:151955914","(A/G)",0.1883,1,"chr6:151955914","rs60954078","Available on GSA array","Available on GSA array"
"277","4","rs68056147","chr7:130674481","(G/A)",0.3192,1,"chr7:130674481","rs68056147","Available on GSA array","Available on GSA array"
"278","6","rs7971","chr7:21940960","(A/G)",0.1989,1,"chr7:21940960","rs7971","Available on GSA array","Available on GSA array"
"279","6","rs17268829","chr7:94113799","(T/C)",0.3348,1,"chr7:94113799","rs17268829","Available on GSA array","Available on GSA array"
"280","6","rs13267382","chr8:117209548","(A/G)",0.3963,1,"chr8:117209548","rs13267382","Available on GSA array","Available on GSA array"
"281","6","rs66823261","chr8:170692","(T/C)",0.2276,1,"chr8:170692","rs66823261","Available on GSA array","Available on GSA array"
"282","7","rs9693444","chr8:29509616","(A/C)",0.2598,1,"chr8:29509616","rs9693444","Available on GSA array","Available on GSA array"
"283","6","rs13365225","chr8:36858483","(A/G)",0.3212,1,"chr8:36858483","rs13365225","Available on GSA array","Available on GSA array"
"284","4","rs72658084","chr8:76333056","(C/T)",0.0191,1,"chr8:76333056","rs72658084","Available on GSA array","Available on GSA array"
"285","7","rs1533366","chr8:76378165","(G/T)",0.2437,1,"chr8:76378165","rs1533366","Available on GSA array","Available on GSA array"
"286","2a","rs10816625","chr9:110837073","(A/G)",0.2321,1,"chr9:110837073","rs10816625","Available on GSA array","Available on GSA array"
"287","1b","rs17694493","chr9:22041998","(C/G)",0.0317,1,"chr9:22041998","rs17694493","Available on GSA array","Available on GSA array"
"288","5","rs665889","chr9:87782211","(T/C)",0.3021,1,"chr9:87782211","rs665889","Available on GSA array","Available on GSA array"
"289","5","rs12250948","chr10:115128491","(T/C)",0.3656,1,"chr10:115128491","rs12250948","Available on GSA array","Available on GSA array"
"290","5","rs7072776","chr10:22032942","(A/G)",0.1299,1,"chr10:22032942","rs7072776","Available on GSA array","Available on GSA array"
"291","7","rs6479868","chr10:64819996","(G/T)",0.1672,1,"chr10:64819996","rs6479868","Available on GSA array","Available on GSA array"
"292","5","rs719338","chr10:80851257","(G/T)",0.3243,1,"chr10:80851257","rs719338","Available on GSA array","Available on GSA array"
"293","4","rs78540526","chr11:69331418","(C/T)",0.0559,1,"chr11:69331418","rs78540526","Available on GSA array","Available on GSA array"
"294","1f","rs6597981","chr11:803017","(A/G)",0.2221,1,"chr11:803017","rs6597981","Available on GSA array","Available on GSA array"
"295","3a","rs2454399","chr12:115835836","(T/C)",0.4345,1,"chr12:115835836","rs2454399","Available on GSA array","Available on GSA array"
"296","4","rs206966","chr12:120832146","(C/T)",0.1244,1,"chr12:120832146","rs206966","Available on GSA array","Available on GSA array"
"297","4","rs12422552","chr12:14413931","(G/C)",0.3348,1,"chr12:14413931","rs12422552","Available on GSA array","Available on GSA array"
"298","4","rs7297051","chr12:28174817","(C/T)",0.216,1,"chr12:28174817","rs7297051","Available on GSA array","Available on GSA array"
"299","2a","rs2277339","chr12:57146069","(T/G)",0.141,1,"chr12:57146069","rs2277339","Available on GSA array","Available on GSA array"
"300","2b","rs17356907","chr12:96027759","(A/G)",0.2805,1,"chr12:96027759","rs17356907","Available on GSA array","Available on GSA array"
"301","6","rs11571833","chr13:32972626","(A/T)",0.004,1,"chr13:32972626","rs11571833","Available on GSA array","Available on GSA array"
"302","7","rs2588809","chr14:68660428","(T/C)",0.1002,1,"chr14:68660428","rs2588809","Available on GSA array","Available on GSA array"
"303","4","rs11624333","chr14:68979835","(T/C)",0.0982,1,"chr14:68979835","rs11624333","Available on GSA array","Available on GSA array"
"304","4","rs941764","chr14:91841069","(A/G)",0.2024,1,"chr14:91841069","rs941764","Available on GSA array","Available on GSA array"
"305","4","rs78440108","chr14:93070286","(C/T)",0.066,1,"chr14:93070286","rs78440108","Available on GSA array","Available on GSA array"
"306","6","rs4774565","chr15:50694306","(A/G)",0.3797,1,"chr15:50694306","rs4774565","Available on GSA array","Available on GSA array"
"307","2b","rs4784227","chr16:52599188","(C/T)",0.2387,1,"chr16:52599188","rs4784227","Available on GSA array","Available on GSA array"
"308","4","rs55872725","chr16:53809123","(C/T)",0.2362,1,"chr16:53809123","rs55872725","Available on GSA array","Available on GSA array"
"309","3a","rs28539243","chr16:54682064","(G/A)",0.3701,1,"chr16:54682064","rs28539243","Available on GSA array","Available on GSA array"
"310","2b","rs745570","chr17:77781725","(A/G)",0.496,1,"chr17:77781725","rs745570","Available on GSA array","Available on GSA array"
"311","4","rs16976596","chr18:11696613","(C/T)",0.0655,1,"chr18:11696613","rs16976596","Available on GSA array","Available on GSA array"
"312","4","rs527616","chr18:24337424","(C/G)",0.2669,1,"chr18:24337424","rs527616","Available on GSA array","Available on GSA array"
"313","5","rs9952980","chr18:42888797","(T/C)",0.3394,1,"chr18:42888797","rs9952980","Available on GSA array","Available on GSA array"
"314","3a","rs16991615","chr20:5948227","(G/A)",0.0126,1,"chr20:5948227","rs16991615","Available on GSA array","Available on GSA array"
"315","5","rs2822999","chr21:16364756","(T/G)",0.1269,1,"chr21:16364756","rs2822999","Available on GSA array","Available on GSA array"
"316","7","rs2403907","chr21:16574455","(C/A)",0.2095,1,"chr21:16574455","rs2403907","Available on GSA array","Available on GSA array"
"317","1f","rs5750715","chr22:39343916","(T/A)",0.422,1,"chr22:39343916","rs5750715","Available on GSA array","Available on GSA array"
"318","0","rs17879961","chr22:29121087","0",0,0,"chr22:29121087","rs17879961","Available on GSA array","Available on GSA array"
